seed,model,accuracy,precision_macro,recall_macro,f1_macro,auc,feature_prep_seconds,feature_prep_memory_mb,fit_seconds,fit_memory_mb,predict_seconds,predict_memory_mb,runtime_seconds,peak_python_memory_mb,embedding_dimension,dataset
0,baseline_nb_tfidf,0.7651006711409396,0.6257517769272827,0.6357733175914994,0.6301680731862989,0.6334120425029516,1.3466321250016335,38.789785385131836,0.38458916699164547,55.21708583831787,0.005890417000046,20.513072967529297,1.737111708993325,55.21708583831787,768,tensorflow
1,baseline_nb_tfidf,0.7539149888143176,0.6172766570605187,0.6334612357339631,0.6236221677893448,0.6345106913288732,1.3442491249879822,38.78971576690674,0.41115166601957753,55.21799564361572,0.005785915971500799,20.513072967529297,1.7611867069790605,55.21799564361572,768,tensorflow
2,baseline_nb_tfidf,0.7404921700223713,0.6375828525106099,0.6892463597009051,0.6481461375603931,0.6961990030171848,1.2773783750017174,38.777316093444824,0.37615970900515094,55.21925640106201,0.006254582986002788,20.513072967529297,1.659792666992871,55.21925640106201,768,tensorflow
3,baseline_nb_tfidf,0.7718120805369127,0.6469640053823726,0.6719303423848878,0.6564854439153758,0.6712908303817395,1.2788879580039065,38.77205848693848,0.42892629199195653,55.216633796691895,0.005570206994889304,20.513072967529297,1.7133844569907524,55.216633796691895,768,tensorflow
4,baseline_nb_tfidf,0.7427293064876958,0.60245807817776,0.6174242424242424,0.6080890481454657,0.6117998163452709,1.3016703750181478,38.76147747039795,0.39367941601085477,55.2194128036499,0.006607457995414734,20.513072967529297,1.7019572490244173,55.2194128036499,768,tensorflow
5,baseline_nb_tfidf,0.7449664429530202,0.6165362827083896,0.641676505312869,0.6247569955817378,0.6373475009838646,1.2797541249892674,36.93986511230469,0.377720209013205,55.21682929992676,0.005875082977581769,20.513072967529297,1.6633494169800542,55.21682929992676,768,tensorflow
6,baseline_nb_tfidf,0.7225950782997763,0.6018789407313997,0.6324773711137347,0.6089128471438248,0.6282467532467533,1.2919584169867449,38.75735950469971,0.3636012080241926,55.219430923461914,0.005824874999234453,20.513072967529297,1.661384500010172,55.219430923461914,768,tensorflow
7,baseline_nb_tfidf,0.767337807606264,0.6505847953216374,0.6874754033844943,0.6626610936955765,0.6917388167388168,1.2405253339966293,38.7819938659668,0.3615665419783909,55.21805667877197,0.005424750008387491,20.513072967529297,1.6075166259834077,55.21805667877197,768,tensorflow
8,baseline_nb_tfidf,0.7293064876957495,0.5888053467000836,0.6045848091302637,0.5940785770573005,0.6021251475796929,1.2331557500001509,38.80179786682129,0.38371799999731593,55.217763900756836,0.011515624995809048,20.513072967529297,1.6283893749932759,55.217763900756836,768,tensorflow
9,baseline_nb_tfidf,0.7427293064876958,0.5945574162679426,0.6036993309720582,0.59835136930109,0.6069460842188115,1.2299834580044262,38.78135681152344,0.40548250000574626,55.21808910369873,0.006739667005604133,20.513072967529297,1.6422056250157766,55.21808910369873,768,tensorflow
10,baseline_nb_tfidf,0.7248322147651006,0.603470567357907,0.6338547815820543,0.6107402031930333,0.6324445756263938,1.4053527089999989,38.78691291809082,0.3607975829800125,55.217482566833496,0.005379834008635953,20.513072967529297,1.7715301259886473,55.217482566833496,768,tensorflow
11,baseline_nb_tfidf,0.7516778523489933,0.6266891891891893,0.6549586776859504,0.6359854737537141,0.6535812672176309,1.2847061250067782,38.781025886535645,0.3691861249972135,55.218679428100586,0.005610957974568009,20.513072967529297,1.6595032079785597,55.218679428100586,768,tensorflow
12,baseline_nb_tfidf,0.7449664429530202,0.6322405872365924,0.6737012987012987,0.6428711594527922,0.6718811491538764,1.2427552079898305,38.76550102233887,0.4207172919996083,55.21806621551514,0.007894084003055468,20.513072967529297,1.6713665839924943,55.21806621551514,768,tensorflow
13,baseline_nb_tfidf,0.7337807606263982,0.5896669146683454,0.6027646595828414,0.5944573628635688,0.6051095369277187,1.4065756670024712,38.783639907836914,0.40870112500851974,55.21857452392578,0.008778792020166293,20.513072967529297,1.8240555840311572,55.21857452392578,768,tensorflow
14,baseline_nb_tfidf,0.7427293064876958,0.5918079096045198,0.5991243604879969,0.5949459849183273,0.598255280073462,1.3965411250246689,38.77169990539551,0.41339516700827517,55.217774391174316,0.016389582975534722,20.513072967529297,1.8263258750084788,55.217774391174316,768,tensorflow
15,baseline_nb_tfidf,0.756152125279642,0.6239134116053285,0.6439885871704054,0.6314698696760432,0.641676505312869,1.403206000017235,38.78012943267822,0.41380954202031717,55.21709156036377,0.01864379202015698,20.513072967529297,1.8356593340577092,55.21709156036377,768,tensorflow
16,baseline_nb_tfidf,0.7248322147651006,0.603470567357907,0.6338547815820543,0.6107402031930333,0.6324445756263938,1.4582259580201935,38.774516105651855,0.43501183297485113,55.21786403656006,0.005428375006886199,20.513072967529297,1.8986661660019308,55.21786403656006,768,tensorflow
17,baseline_nb_tfidf,0.7225950782997763,0.6322652083521648,0.691951987406533,0.6391030315657881,0.6904761904761905,1.4000402499805205,38.73609447479248,0.4463617080182303,55.2177152633667,0.008485166996251792,20.513072967529297,1.8548871249950025,55.2177152633667,768,tensorflow
18,baseline_nb_tfidf,0.7718120805369127,0.6545975479744136,0.6902302243211333,0.6667300157885503,0.6878033582579037,1.4254000000073574,38.744136810302734,0.44354183398536406,55.21701431274414,0.007069166982546449,20.513072967529297,1.876011000975268,55.21701431274414,768,tensorflow
19,baseline_nb_tfidf,0.7472035794183445,0.6112976969970648,0.6293290043290043,0.6179458281962651,0.6285583103764922,1.3825026660051662,38.769673347473145,0.41857550002168864,55.218525886535645,0.010699167003622279,20.513072967529297,1.8117773330304772,55.218525886535645,768,tensorflow
20,baseline_nb_tfidf,0.7248322147651006,0.600994056159049,0.6292798110979929,0.6080428877973666,0.6362652499016136,1.3765197080210783,36.9396390914917,0.40662512500421144,55.2178373336792,0.006418417033273727,20.513072967529297,1.7895632500585634,55.2178373336792,768,tensorflow
21,baseline_nb_tfidf,0.7829977628635347,0.6492373360115498,0.6559425423061787,0.6523854954182133,0.6544339498884952,1.4540333329932764,38.81564426422119,0.4220561250112951,55.21870708465576,0.009551666997140273,20.513072967529297,1.8856411250017118,55.21870708465576,768,tensorflow
22,baseline_nb_tfidf,0.756152125279642,0.6216448234418818,0.639413616686344,0.6285365760683109,0.6386593204775023,1.4525637500046287,36.95488262176514,0.44896783301373944,55.216830253601074,0.007176708983024582,20.513072967529297,1.9087082920013927,55.216830253601074,768,tensorflow
23,baseline_nb_tfidf,0.7203579418344519,0.5900864326872708,0.6128000787091696,0.5960015906872492,0.6103240194149284,1.4077494170051068,38.79143238067627,0.45065429198439233,55.2187557220459,0.006874792015878484,20.513029098510742,1.8652785010053776,55.2187557220459,768,tensorflow
24,baseline_nb_tfidf,0.7695749440715883,0.6525753802130252,0.6888528138528138,0.664690588380951,0.6870326643053916,1.4301342499966267,36.96205806732178,0.4073072500177659,55.217451095581055,0.006678001023828983,20.513072967529297,1.8441195010382216,55.217451095581055,768,tensorflow
25,baseline_nb_tfidf,0.7427293064876958,0.6305465838509317,0.6723238882329792,0.6409387769357036,0.6711104552013643,1.4032472079852596,38.79596519470215,0.41240095801185817,55.21729278564453,0.007827417022781447,20.513072967529297,1.8234755830198992,55.21729278564453,768,tensorflow
26,baseline_nb_tfidf,0.7315436241610739,0.6178237650200267,0.6562868949232585,0.6265664160401002,0.653728846910665,1.4760590410151053,38.75024890899658,0.4276650000247173,55.21653175354004,0.007141292036976665,20.513072967529297,1.9108653330767993,55.21653175354004,768,tensorflow
27,baseline_nb_tfidf,0.7203579418344519,0.5900864326872708,0.6128000787091696,0.5960015906872492,0.6128000787091696,1.4245207919739187,38.77062797546387,0.436525208002422,55.21795463562012,0.0063382500084117055,20.513072967529297,1.8673842499847524,55.21795463562012,768,tensorflow
28,baseline_nb_tfidf,0.738255033557047,0.6272268700787402,0.66956906729634,0.6370972778305912,0.6717827626918537,1.413868875009939,36.94847011566162,0.4200963749899529,55.21841335296631,0.006614583020564169,20.513072967529297,1.8405798330204561,55.21841335296631,768,tensorflow
29,baseline_nb_tfidf,0.7360178970917226,0.5942028985507246,0.6087170405352224,0.5994623655913979,0.6029778302505575,1.443969666986959,38.77174377441406,0.41184637500555255,55.21820640563965,0.007217875972855836,20.513072967529297,1.8630339179653674,55.21820640563965,768,tensorflow
0,embedding_lr,0.9105145413870246,0.8400524418223534,0.9083038173947264,0.8673433048433048,0.9536599763872491,0.0,0.0,0.007565791020169854,6.40580940246582,0.0006283750117290765,2.6235408782958984,0.00819416603189893,6.40580940246582,768,tensorflow
0,hybrid_lr,0.9194630872483222,0.8555907780979828,0.9046635182998819,0.876821800367422,0.9534959989505444,1.4120250419946387,25.25852108001709,0.043499583000084385,27.542510986328125,0.011217333027161658,11.826591491699219,1.4667419580218848,27.542510986328125,768,tensorflow
0,embedding_centroid,0.8926174496644296,0.8154317697228145,0.8881345926800472,0.8431670662534354,0.8881345926800472,0.0,0.0,0.0003792499774135649,2.5010147094726562,0.0029087919974699616,1.3465423583984375,0.0032880419748835266,2.5010147094726562,768,tensorflow
0,tfidf_lr,0.854586129753915,0.767050112728018,0.8418437622983077,0.7928681927384458,0.9058769513314967,1.4120250419946387,25.25852108001709,0.012315375002799556,0.9919185638427734,0.00044866700773127377,0.014664649963378906,1.4247890840051696,25.25852108001709,768,tensorflow
0,late_fusion_lr,0.9082774049217002,0.8383805599458117,0.8932014954742228,0.8613785748322731,0.9506427915518825,1.4120250419946387,25.25852108001709,0.01988116602296941,6.40580940246582,0.0010879590117838234,2.6235408782958984,1.432994167029392,25.25852108001709,768,tensorflow
0,embedding_knn,0.8791946308724832,0.7973205506391348,0.8569952774498228,0.8209134615384616,0.9080578512396694,0.0,0.0,0.0008069169998634607,0.052028656005859375,0.02877999996417202,6.149347305297852,0.02958691696403548,6.149347305297852,768,tensorflow
1,embedding_lr,0.9172259507829977,0.8509962745540753,0.9078610783156238,0.8749026163120514,0.9615636888364162,0.0,0.0,0.007853415998397395,6.405571937561035,0.0008397919882554561,2.623584747314453,0.008693207986652851,6.405571937561035,768,tensorflow
1,hybrid_lr,0.9239373601789709,0.8632243728436932,0.907418339236521,0.8827170020990246,0.9654007608553062,1.395409082993865,25.88800811767578,0.05302333302097395,27.532554626464844,0.011441001028288156,11.82666015625,1.4598734170431271,27.532554626464844,768,tensorflow
1,embedding_centroid,0.8993288590604027,0.8253132832080201,0.8831168831168831,0.8490374873353597,0.8831168831168831,0.0,0.0,0.00037033300031907856,2.5010147094726562,0.0028735010128002614,1.3465423583984375,0.00324383401311934,2.5010147094726562,768,tensorflow
1,tfidf_lr,0.8970917225950783,0.8217387741724025,0.886314443132625,0.8474448005698005,0.9464121736849009,1.395409082993865,25.88800811767578,0.013499833003152162,0.9917192459106445,0.0004452079883776605,0.014664649963378906,1.4093541239853948,25.88800811767578,768,tensorflow
1,late_fusion_lr,0.9284116331096197,0.8697590784164668,0.9147481306572216,0.8896160019755526,0.9642201233110325,1.395409082993865,25.88800811767578,0.021353249001549557,6.405571937561035,0.0012958339939359576,2.623584747314453,1.4180581659893505,25.88800811767578,768,tensorflow
1,embedding_knn,0.87248322147651,0.78796992481203,0.83913813459268,0.8087808172914556,0.9163551095369278,0.0,0.0,0.0007484579982701689,0.05198478698730469,0.01710091601125896,6.149391174316406,0.01784937400952913,6.149391174316406,768,tensorflow
2,embedding_lr,0.9217002237136466,0.8544079794079794,0.9334907516725699,0.8852206448772972,0.9729109274563821,0.0,0.0,0.004766416997881606,6.404824256896973,0.00043566699605435133,2.623584747314453,0.0052020839939359576,6.404824256896973,768,tensorflow
2,hybrid_lr,0.9261744966442953,0.863611989162339,0.9225206611570248,0.8884266577918296,0.9746490882854519,1.267596792022232,25.440832138061523,0.0379955000244081,27.560867309570312,0.009596332994988188,11.801643371582031,1.3151886250416283,27.560867309570312,768,tensorflow
2,embedding_centroid,0.9038031319910514,0.8300310800310801,0.917896497441952,0.8620102948461157,0.917896497441952,0.0,0.0,0.0002782499941531569,2.5010147094726562,0.0021851659985259175,1.3464984893798828,0.0024634159926790744,2.5010147094726562,768,tensorflow
2,tfidf_lr,0.8814317673378076,0.8003908582595951,0.8629476584022039,0.824891162144383,0.9457234684507412,1.267596792022232,25.440832138061523,0.011072833003709093,0.9916410446166992,0.0003289590240456164,0.014664649963378906,1.2789985840499867,25.440832138061523,768,tensorflow
2,late_fusion_lr,0.9239373601789709,0.8591268743429425,0.9257182211727666,0.8863785885167463,0.9727469500196774,1.267596792022232,25.440832138061523,0.0158392500015907,6.404824256896973,0.0007740430010017008,2.623584747314453,1.2842100850248244,25.440832138061523,768,tensorflow
2,embedding_knn,0.9038031319910514,0.8315371762740184,0.8904466745375836,0.855746932342677,0.9508067689885871,0.0,0.0,0.0005887500010430813,0.05198478698730469,0.035441167012322694,6.149299621582031,0.036029917013365775,6.149299621582031,768,tensorflow
3,embedding_lr,0.9217002237136466,0.8544079794079794,0.9334907516725699,0.8852206448772972,0.9682211727666274,0.0,0.0,0.005047124985139817,6.4056806564331055,0.0004450409905984998,2.623584747314453,0.005492165975738317,6.4056806564331055,768,tensorflow
3,hybrid_lr,0.9105145413870246,0.8396142433234421,0.9128787878787878,0.8683357879234168,0.9639905548996458,1.1604566250171047,24.5524320602417,0.06889974998193793,27.612457275390625,0.00966358301229775,11.793998718261719,1.2390199580113403,27.612457275390625,768,tensorflow
3,embedding_centroid,0.8993288590604027,0.8244435430715409,0.9197166469893743,0.8575878792169634,0.9197166469893742,0.0,0.0,0.0002920409897342324,2.5010147094726562,0.0022938759939279407,1.3468494415283203,0.002585916983662173,2.5010147094726562,768,tensorflow
3,tfidf_lr,0.8411633109619687,0.749871899979504,0.8198543880362061,0.77374833360661,0.9122392758756396,1.1604566250171047,24.5524320602417,0.009088749997317791,0.9917287826538086,0.00035279200528748333,0.014664649963378906,1.16989816701971,24.5524320602417,768,tensorflow
3,late_fusion_lr,0.8993288590604027,0.8243071379365163,0.9014167650531286,0.853505596865464,0.9614980978617342,1.1604566250171047,24.5524320602417,0.014135874982457608,6.4056806564331055,0.0008078749815467745,2.623584747314453,1.175400374981109,24.5524320602417,768,tensorflow
3,embedding_knn,0.8747203579418344,0.7952831112852665,0.8954151908697363,0.8268688098268134,0.9516594516594516,0.0,0.0,0.0008973329968284816,0.052028656005859375,0.012419001024682075,6.149259567260742,0.013316334021510556,6.149259567260742,768,tensorflow
4,embedding_lr,0.9328859060402684,0.8749135446685878,0.9266528925619835,0.8973515003061849,0.9747802702348158,0.0,0.0,0.004833832994336262,6.4053497314453125,0.000525916984770447,2.623584747314453,0.005359749979106709,6.4053497314453125,768,tensorflow
4,hybrid_lr,0.9440715883668904,0.895319976076555,0.9335399449035813,0.9126850802828457,0.9811097992916176,1.1969331250002142,24.565258026123047,0.04170191602315754,27.636512756347656,0.009208375005982816,11.775825500488281,1.2478434160293546,27.636512756347656,768,tensorflow
4,embedding_centroid,0.9060402684563759,0.8333022388059701,0.9101239669421488,0.862771182971756,0.9101239669421487,0.0,0.0,0.0002897079975809902,2.5010147094726562,0.0024288339773193,1.3468055725097656,0.0027185419749002904,2.5010147094726562,768,tensorflow
4,tfidf_lr,0.9105145413870246,0.8400524418223534,0.9083038173947264,0.8673433048433048,0.9671389216843762,1.1969331250002142,24.565258026123047,0.01810170800308697,0.9926967620849609,0.0006930840318091214,0.014664649963378906,1.2157279170351103,24.565258026123047,768,tensorflow
4,late_fusion_lr,0.941834451901566,0.8910701566951567,0.9321625344352618,0.9095704948646125,0.9805194805194806,1.1969331250002142,24.565258026123047,0.02293554099742323,6.4053497314453125,0.0013864590146113187,2.623584747314453,1.2212551250122488,24.565258026123047,768,tensorflow
4,embedding_knn,0.8903803131991052,0.8128654970760234,0.8684573002754821,0.835618597320725,0.9192247146792601,0.0,0.0,0.0026322499907109886,0.05194091796875,0.031148207985097542,6.149127960205078,0.03378045797580853,6.149127960205078,768,tensorflow
5,embedding_lr,0.941834451901566,0.8877953890489914,0.9413124754033845,0.911037966932027,0.9762232716778171,0.0,0.0,0.005516042001545429,6.405518531799316,0.00047441700007766485,2.623584747314453,0.005990459001623094,6.405518531799316,768,tensorflow
5,hybrid_lr,0.9328859060402684,0.8749135446685878,0.9266528925619835,0.8973515003061849,0.9773711137347502,1.2251088750199415,22.514280319213867,0.04530029199668206,27.60694122314453,0.00959362497087568,11.796241760253906,1.2800027919874992,27.60694122314453,768,tensorflow
5,embedding_centroid,0.912751677852349,0.8424227799227799,0.9188311688311688,0.8721030042918455,0.9188311688311689,0.0,0.0,0.00033650000113993883,2.5010147094726562,0.0023493330227211118,1.347024917602539,0.0026858330238610506,2.5010147094726562,768,tensorflow
5,tfidf_lr,0.901565995525727,0.8275559751820879,0.898219205037387,0.8551693667157585,0.9477895841532206,1.2251088750199415,22.514280319213867,0.009171709010843188,0.9918489456176758,0.0002662499900907278,0.014664649963378906,1.2345468340208754,22.514280319213867,768,tensorflow
5,late_fusion_lr,0.9217002237136466,0.8582813483660505,0.9106158992522629,0.8807227537834026,0.97632165813984,1.2251088750199415,22.514280319213867,0.014687751012388617,6.405518531799316,0.0007505009707529098,2.623584747314453,1.240547127003083,22.514280319213867,768,tensorflow
5,embedding_knn,0.8948545861297539,0.8185901959719885,0.8849370326643053,0.8447148041657735,0.9477731864095501,0.0,0.0,0.0005167089984752238,0.052028656005859375,0.011662459000945091,6.149343490600586,0.012179167999420315,6.149343490600586,768,tensorflow
6,embedding_lr,0.901565995525727,0.8271434524429628,0.9119441164895711,0.858299711815562,0.96553194280467,0.0,0.0,0.009279583988245577,6.405662536621094,0.0024062909942585975,2.623584747314453,0.011685874982504174,6.405662536621094,768,tensorflow
6,hybrid_lr,0.9105145413870246,0.8405771039672439,0.9037288469106651,0.8663277511961722,0.9701889020070839,1.2193410000181757,24.99415683746338,0.04345429100794718,27.62969207763672,0.009483208967139944,11.76568603515625,1.2722784999932628,27.62969207763672,768,tensorflow
6,embedding_centroid,0.8791946308724832,0.7991677175283733,0.8890200708382527,0.8296878527884398,0.8890200708382527,0.0,0.0,0.000293166987830773,2.5010147094726562,0.002381708036409691,1.3466300964355469,0.002674875024240464,2.5010147094726562,768,tensorflow
6,tfidf_lr,0.8791946308724832,0.7973340435075129,0.8478453364817001,0.8181393526610813,0.94185360094451,1.2193410000181757,24.99415683746338,0.011088375002145767,0.9920930862426758,0.00032104100682772696,0.014664649963378906,1.2307504160271492,24.99415683746338,768,tensorflow
6,late_fusion_lr,0.9172259507829977,0.8502088554720133,0.9124360487996852,0.8758752673646291,0.971238357601994,1.2193410000181757,24.99415683746338,0.020367958990391344,6.405662536621094,0.002736915019340813,2.623584747314453,1.2424458740279078,24.99415683746338,768,tensorflow
6,embedding_knn,0.8747203579418344,0.7922179393686842,0.8679653679653679,0.8196541786743516,0.923570116751935,0.0,0.0,0.0005884580023121089,0.05194091796875,0.013433832966256887,6.149084091186523,0.014022290968568996,6.149084091186523,768,tensorflow
7,embedding_lr,0.9217002237136466,0.8544079794079794,0.9334907516725699,0.8852206448772972,0.9745179063360883,0.0,0.0,0.004797415982466191,6.404510498046875,0.00042524997843429446,2.623584747314453,0.0052226659609004855,6.404510498046875,768,tensorflow
7,hybrid_lr,0.9149888143176734,0.8474573895492263,0.9064836678473043,0.8720239889096498,0.9722550177095631,1.2101964579778723,24.891155242919922,0.06032691599102691,27.565444946289062,0.011206875991774723,11.81219482421875,1.281730249960674,27.565444946289062,768,tensorflow
7,embedding_centroid,0.912751677852349,0.8424227799227799,0.9188311688311688,0.8721030042918455,0.9188311688311689,0.0,0.0,0.00028124998789280653,2.5010147094726562,0.002189874998293817,1.3464107513427734,0.0024711249861866236,2.5010147094726562,768,tensorflow
7,tfidf_lr,0.8657718120805369,0.7787445360482488,0.83043093270366,0.7994916267942584,0.9154532336350518,1.2101964579778723,24.891155242919922,0.009304417006205767,0.9916896820068359,0.0003282079997006804,0.014664649963378906,1.2198290829837788,24.891155242919922,768,tensorflow
7,late_fusion_lr,0.901565995525727,0.8275559751820879,0.898219205037387,0.8551693667157585,0.9684507411780139,1.2101964579778723,24.891155242919922,0.014101832988671958,6.404510498046875,0.0007629579631611705,2.623584747314453,1.2250612489297055,24.891155242919922,768,tensorflow
7,embedding_knn,0.8657718120805369,0.7805761016772581,0.8533057851239669,0.8067723342939481,0.9368850846123573,0.0,0.0,0.0005814169999212027,0.05194091796875,0.012300792033784091,6.149343490600586,0.012882209033705294,6.149343490600586,768,tensorflow
8,embedding_lr,0.9284116331096197,0.8644706653556211,0.9376229830775284,0.8938746438746439,0.976846385937295,0.0,0.0,0.0049812500074040145,6.4055585861206055,0.00044562399853020906,2.623584747314453,0.0054268740059342235,6.4055585861206055,768,tensorflow
8,hybrid_lr,0.9373601789709173,0.8787844808252971,0.9431326249508067,0.905701886565005,0.9765840220385675,1.1924842500011437,25.12532138824463,0.03778345900354907,27.51964569091797,0.009486458991887048,11.851470947265625,1.2397541679965798,27.51964569091797,768,tensorflow
8,embedding_centroid,0.9082774049217002,0.8361507074346881,0.9160763478945297,0.8665273215885338,0.9160763478945297,0.0,0.0,0.0002899169921875,2.5010147094726562,0.0024750829907134175,1.3464107513427734,0.0027649999829009175,2.5010147094726562,768,tensorflow
8,tfidf_lr,0.8814317673378076,0.8003710830126443,0.8583726879181425,0.8235609541754485,0.9448379902925358,1.1924842500011437,25.12532138824463,0.009243750013411045,0.9923610687255859,0.0003374989901203662,0.014664649963378906,1.202065499004675,25.12532138824463,768,tensorflow
8,late_fusion_lr,0.9373601789709173,0.8813544668587896,0.933982683982684,0.904194733619106,0.9754033844942936,1.1924842500011437,25.12532138824463,0.01422500002081506,6.4055585861206055,0.0007932900043670088,2.623584747314453,1.2075025400263257,25.12532138824463,768,tensorflow
8,embedding_knn,0.901565995525727,0.8298270893371757,0.8753443526170799,0.8494488671157379,0.9499212908303818,0.0,0.0,0.0005812910094391555,0.05198478698730469,0.012271417013835162,6.148992538452148,0.012852708023274317,6.148992538452148,768,tensorflow
9,embedding_lr,0.9038031319910514,0.8310885101704233,0.895021645021645,0.8568513401800809,0.9557916830644103,0.0,0.0,0.005563000013353303,6.404939651489258,0.0004748339706566185,2.623584747314453,0.0060378339840099216,6.404939651489258,768,tensorflow
9,hybrid_lr,0.9172259507829977,0.8502088554720133,0.9124360487996852,0.8758752673646291,0.9584809130263676,1.1979997080052271,25.08648681640625,0.03811437499825843,27.56267547607422,0.011162251030327752,11.810798645019531,1.2472763340338133,27.56267547607422,768,tensorflow
9,embedding_centroid,0.883668903803132,0.8038597770601105,0.882624950806769,0.832536023054755,0.882624950806769,0.0,0.0,0.0004375829885248095,2.5010147094726562,0.002255125989904627,1.346761703491211,0.0026927089784294367,2.5010147094726562,768,tensorflow
9,tfidf_lr,0.8859060402684564,0.8068412734251524,0.8565525383707202,0.8275684711328275,0.9347041847041847,1.1979997080052271,25.08648681640625,0.010030125005869195,0.9930906295776367,0.0062857079901732504,0.014620780944824219,1.2143155410012696,25.08648681640625,768,tensorflow
9,late_fusion_lr,0.9239373601789709,0.8620317002881844,0.9119933097205825,0.8836650336803429,0.9586776859504131,1.1979997080052271,25.08648681640625,0.015593125019222498,6.404939651489258,0.006774500943720341,2.623584747314453,1.22036733396817,25.08648681640625,768,tensorflow
9,embedding_knn,0.8657718120805369,0.7796908315565032,0.8441558441558441,0.8039588328167944,0.9109602518693427,0.0,0.0,0.0008538750116713345,0.05207252502441406,0.026767876028316095,6.149036407470703,0.02762175103998743,6.149036407470703,768,tensorflow
10,embedding_lr,0.9172259507829977,0.8489224254926443,0.921585989767808,0.877754207534758,0.9709431982159256,0.0,0.0,0.00515354098752141,6.405120849609375,0.0004358340229373425,2.623584747314453,0.0055893750104587525,6.405120849609375,768,tensorflow
10,hybrid_lr,0.930648769574944,0.869919846466471,0.9298504525777254,0.8951886785317187,0.975698543880362,1.1760857499903068,25.129570960998535,0.0735149160027504,27.566314697265625,0.010701708000851795,11.823570251464844,1.260302373993909,27.566314697265625,768,tensorflow
10,embedding_centroid,0.8970917225950783,0.8213213213213213,0.9000393545848091,0.8507924068268895,0.9000393545848091,0.0,0.0,0.000291000003926456,2.5010147094726562,0.002334792021429166,1.3463668823242188,0.002625792025355622,2.5010147094726562,768,tensorflow
10,tfidf_lr,0.8814317673378076,0.8004745817245817,0.8675226288862652,0.8261912622427643,0.9492981765709039,1.1760857499903068,25.129570960998535,0.009296875010477379,0.9922428131103516,0.00030758301727473736,0.014664649963378906,1.185690208018059,25.129570960998535,768,tensorflow
10,late_fusion_lr,0.9284116331096197,0.8637307796061505,0.9421979535615899,0.8946686303387335,0.9747474747474748,1.1760857499903068,25.129570960998535,0.014450415997998789,6.405120849609375,0.0007530420552939177,2.623584747314453,1.1912892080435995,25.129570960998535,768,tensorflow
10,embedding_knn,0.8970917225950783,0.8217387741724025,0.886314443132625,0.8474448005698005,0.9414600550964187,0.0,0.0,0.0005701250047422945,0.05194091796875,0.012137792014982551,6.149211883544922,0.012707917019724846,6.149211883544922,768,tensorflow
11,embedding_lr,0.9239373601789709,0.8632243728436932,0.907418339236521,0.8827170020990246,0.9573330709694347,0.0,0.0,0.005023125006118789,6.4055328369140625,0.0004409999819472432,2.6235408782958984,0.0054641249880660325,6.4055328369140625,768,tensorflow
11,hybrid_lr,0.9373601789709173,0.8880894060012248,0.9156828020464385,0.9009559382122057,0.9631378722287813,1.2713792080176063,24.83948040008545,0.06079304197919555,27.576705932617188,0.01468683299026452,11.810615539550781,1.3468590829870664,27.576705932617188,768,tensorflow
11,embedding_centroid,0.9082774049217002,0.8383805599458117,0.8932014954742228,0.8613785748322731,0.8932014954742228,0.0,0.0,0.0003048329963348806,2.5010147094726562,0.0024720419896766543,1.3464546203613281,0.002776874986011535,2.5010147094726562,768,tensorflow
11,tfidf_lr,0.8903803131991052,0.8144918998527246,0.8501574183392365,0.8302790326455023,0.9422471467926014,1.2713792080176063,24.83948040008545,0.009475583006860688,0.9916543960571289,0.00032312399707734585,0.014664649963378906,1.2811779150215443,24.83948040008545,768,tensorflow
11,late_fusion_lr,0.9328859060402684,0.8778044871794872,0.9175029515938606,0.8956582633053222,0.9614325068870523,1.2713792080176063,24.83948040008545,0.014498708012979478,6.4055328369140625,0.0007736659608781338,2.6235408782958984,1.286651581991464,24.83948040008545,768,tensorflow
11,embedding_knn,0.8903803131991052,0.8131491307292843,0.8638823297914207,0.8343304918727167,0.9088613406795224,0.0,0.0,0.0005956670211162418,0.05198478698730469,0.01503345902892761,6.14947509765625,0.01562912605004385,6.14947509765625,768,tensorflow
12,embedding_lr,0.9217002237136466,0.8549888713967755,0.9289157811885085,0.8843620882085548,0.9670405352223533,0.0,0.0,0.005155041988473386,6.405430793762207,0.0006207090045791119,2.623584747314453,0.0057757509930524975,6.405430793762207,768,tensorflow
12,hybrid_lr,0.9172259507829977,0.8509962745540753,0.9078610783156238,0.8749026163120514,0.9719598583234947,1.1851345420000143,25.200796127319336,0.04419120799866505,27.596961975097656,0.0203856669832021,11.777473449707031,1.2497114169818815,27.596961975097656,768,tensorflow
12,embedding_centroid,0.8814317673378076,0.8014065382250462,0.8858225108225108,0.8311079110021173,0.8858225108225108,0.0,0.0,0.0010814169945660979,2.5010147094726562,0.015582166000967845,1.346761703491211,0.016663582995533943,2.5010147094726562,768,tensorflow
12,tfidf_lr,0.8948545861297539,0.8184537684537685,0.903236914600551,0.8491740432038939,0.9530696576151121,1.1851345420000143,25.200796127319336,0.016250750020844862,0.9923515319824219,0.0008692500123288482,0.014664649963378906,1.202254542033188,25.200796127319336,768,tensorflow
12,late_fusion_lr,0.9194630872483222,0.852943617551043,0.9183884297520661,0.879694976076555,0.9719926538108357,1.1851345420000143,25.200796127319336,0.021405792009318247,6.405430793762207,0.0015106250357348472,2.623584747314453,1.2080509590450674,25.200796127319336,768,tensorflow
12,embedding_knn,0.8680089485458613,0.7842283254765321,0.8638331365604093,0.8119880518702816,0.940426997245179,0.0,0.0,0.004583875008393079,0.05207252502441406,0.015541333996225148,6.149303436279297,0.020125209004618227,6.149303436279297,768,tensorflow
13,embedding_lr,0.9149888143176734,0.8461569977056702,0.915633608815427,0.8739761396011396,0.972386199658927,0.0,0.0,0.005318500014254823,6.405709266662598,0.00047575001372024417,2.623584747314453,0.0057942500279750675,6.405709266662598,768,tensorflow
13,hybrid_lr,0.9261744966442953,0.86265664160401,0.9270956316410862,0.8892941573792638,0.9790108881017971,1.2531640409724787,25.093676567077637,0.03446245801751502,27.591514587402344,0.009493666992057115,11.818855285644531,1.2971201659820508,27.591514587402344,768,tensorflow
13,embedding_centroid,0.8993288590604027,0.8243071379365163,0.9014167650531286,0.853505596865464,0.9014167650531286,0.0,0.0,0.0003146250091958791,2.5010147094726562,0.002611791976960376,1.3466300964355469,0.002926416986156255,2.5010147094726562,768,tensorflow
13,tfidf_lr,0.8926174496644296,0.8156342182890854,0.8789846517119244,0.8408119658119658,0.9512987012987013,1.2531640409724787,25.093676567077637,0.009710167010780424,0.9924192428588867,0.00028550002025440335,0.014664649963378906,1.2631597080035135,25.093676567077637,768,tensorflow
13,late_fusion_lr,0.9217002237136466,0.8573041318582073,0.9151908697363242,0.8816646370519405,0.9779286370195461,1.2531640409724787,25.093676567077637,0.015028667025035247,6.405709266662598,0.0007705000170972198,2.623584747314453,1.2689632080146112,25.093676567077637,768,tensorflow
13,embedding_knn,0.8993288590604027,0.8246566418761196,0.8922668240850059,0.8513226848395704,0.9513642922733831,0.0,0.0,0.0005423749971669167,0.052028656005859375,0.013297625031555071,6.149303436279297,0.013840000028721988,6.149303436279297,768,tensorflow
14,embedding_lr,0.9172259507829977,0.8495189664650906,0.9170110192837466,0.8768255717828602,0.9658598976780796,0.0,0.0,0.005207999987760559,6.405461311340332,0.0004631660121958703,2.623584747314453,0.005671165999956429,6.405461311340332,768,tensorflow
14,hybrid_lr,0.912751677852349,0.8463949843260188,0.8913813459268005,0.8660164626132669,0.9678932178932179,1.1957800000091083,24.538516998291016,0.031657083018217236,27.597923278808594,0.010860917012905702,11.791160583496094,1.2382980000402313,27.597923278808594,768,tensorflow
14,embedding_centroid,0.8948545861297539,0.8184523809523809,0.8895120031483668,0.8458677231209419,0.8895120031483668,0.0,0.0,0.0002827090211212635,2.5010147094726562,0.002192292013205588,1.346893310546875,0.0024750010343268514,2.5010147094726562,768,tensorflow
14,tfidf_lr,0.8635346756152126,0.775301986904493,0.8199035812672176,0.793758367433382,0.9256854256854257,1.1957800000091083,24.538516998291016,0.008263334020739421,0.9911108016967773,0.00028133299201726913,0.014664649963378906,1.204324667021865,24.538516998291016,768,tensorflow
14,late_fusion_lr,0.9060402684563759,0.8343938471753445,0.8963990554899646,0.8596441387559808,0.9647776465958284,1.1957800000091083,24.538516998291016,0.01347133400849998,6.405461311340332,0.000754331995267421,2.623584747314453,1.2100056660128757,24.538516998291016,768,tensorflow
14,embedding_knn,0.8859060402684564,0.8065145684442001,0.865702479338843,0.830219031376375,0.94045979273252,0.0,0.0,0.0006343749992083758,0.05189704895019531,0.04119533402263187,6.149303436279297,0.041829709021840245,6.149303436279297,768,tensorflow
15,embedding_lr,0.9217002237136466,0.8544079794079794,0.9334907516725699,0.8852206448772972,0.967827626918536,0.0,0.0,0.006689458008622751,6.405782699584961,0.0004782510222867131,2.623584747314453,0.007167709030909464,6.405782699584961,768,tensorflow
15,hybrid_lr,0.9351230425055929,0.8762277037706028,0.9371802439984258,0.9019506992716079,0.9707136298045389,1.1745980830164626,24.543641090393066,0.04944183299085125,27.567184448242188,0.02557991602225229,11.807388305664062,1.2496198320295662,27.567184448242188,768,tensorflow
15,embedding_centroid,0.8948545861297539,0.8190304125263475,0.9169618260527351,0.8522667341729426,0.9169618260527351,0.0,0.0,0.0002916670055128634,2.5010147094726562,0.002494666987331584,1.3464984893798828,0.0027863339928444475,2.5010147094726562,768,tensorflow
15,tfidf_lr,0.8859060402684564,0.8068412734251524,0.8565525383707202,0.8275684711328275,0.9392299619572347,1.1745980830164626,24.543641090393066,0.016421625012299046,0.9923610687255859,0.000332666008034721,0.014620780944824219,1.1913523740367964,24.543641090393066,768,tensorflow
15,late_fusion_lr,0.9284116331096197,0.8662536443148687,0.9284730421094058,0.8922307275028629,0.968417945690673,1.1745980830164626,24.543641090393066,0.023111083020921797,6.405782699584961,0.0008198750438168645,2.623584747314453,1.1985290410812013,24.543641090393066,768,tensorflow
15,embedding_knn,0.8657718120805369,0.7816513761467889,0.8624557260920898,0.809462915601023,0.9294405089859635,0.0,0.0,0.0007513750169891864,0.05189704895019531,0.013026166008785367,6.14947509765625,0.013777541025774553,6.14947509765625,768,tensorflow
16,embedding_lr,0.9149888143176734,0.8461569977056702,0.915633608815427,0.8739761396011396,0.9580217762035944,0.0,0.0,0.007583582977531478,6.405417442321777,0.0005046250007580966,2.623584747314453,0.008088207978289574,6.405417442321777,768,tensorflow
16,hybrid_lr,0.9172259507829977,0.8518857666113432,0.9032861078315624,0.8739069111424542,0.9601206873934146,1.1687416670029052,25.595653533935547,0.03516970798955299,27.56695556640625,0.009461999987252057,11.796424865722656,1.2133733749797102,27.56695556640625,768,tensorflow
16,embedding_centroid,0.8970917225950783,0.821388592750533,0.8954643841007477,0.849701771826209,0.8954643841007477,0.0,0.0,0.0002859590167645365,2.5010147094726562,0.002193208987591788,1.3465290069580078,0.0024791680043563247,2.5010147094726562,768,tensorflow
16,tfidf_lr,0.8747203579418344,0.7911815561959654,0.8313656040928767,0.8083894672382119,0.9150268922996196,1.1687416670029052,25.595653533935547,0.010855125001398847,0.9925556182861328,0.0006051249802112579,0.014664649963378906,1.1802019169845153,25.595653533935547,768,tensorflow
16,late_fusion_lr,0.912751677852349,0.8463949843260188,0.8913813459268005,0.8660164626132669,0.9582841401023219,1.1687416670029052,25.595653533935547,0.018438707978930324,6.405417442321777,0.0011207909847144037,2.623584747314453,1.1883011659665499,25.595653533935547,768,tensorflow
16,embedding_knn,0.8680089485458613,0.782854644692915,0.850108225108225,0.8079295603347195,0.9182900432900434,0.0,0.0,0.0006805830053053796,0.052028656005859375,0.010948084003757685,6.149168014526367,0.011628667009063065,6.149168014526367,768,tensorflow
17,embedding_lr,0.9149888143176734,0.8482523444160273,0.9019086973632429,0.871013304173501,0.9674668765577856,0.0,0.0,0.007198667008196935,6.40518856048584,0.0004900420026388019,2.623584747314453,0.007688709010835737,6.40518856048584,768,tensorflow
17,hybrid_lr,0.9082774049217002,0.8399076976663183,0.8840515545061,0.8591455119780498,0.9619572346845074,1.1761640000040643,25.43673038482666,0.03268008300801739,27.665878295898438,0.009463124966714531,11.720481872558594,1.2183072079787962,27.665878295898438,768,tensorflow
17,embedding_centroid,0.8881431767337807,0.8094749466950959,0.8808048012593468,0.836632360680662,0.8808048012593468,0.0,0.0,0.0002868750016205013,2.5010147094726562,0.0022181679669301957,1.3465862274169922,0.002505042968550697,2.5010147094726562,768,tensorflow
17,tfidf_lr,0.8702460850111857,0.7851546018925923,0.8103109012199922,0.7965758583893039,0.909156500065591,1.1761640000040643,25.43673038482666,0.009291666996432468,0.9923124313354492,0.0003033739922102541,0.014620780944824219,1.185759040992707,25.43673038482666,768,tensorflow
17,late_fusion_lr,0.901565995525727,0.8291986359761296,0.8799193231011413,0.8506469837798433,0.9605798242161878,1.1761640000040643,25.43673038482666,0.016490334004629403,6.40518856048584,0.0008032079786062241,2.623584747314453,1.1934575419873,25.43673038482666,768,tensorflow
17,embedding_knn,0.883668903803132,0.8034394388993795,0.8689000393545848,0.8288365243004419,0.9221271153089334,0.0,0.0,0.0007224170258268714,0.05207252502441406,0.014917374006472528,6.149211883544922,0.0156397910322994,6.149211883544922,768,tensorflow
18,embedding_lr,0.9105145413870246,0.8405771039672439,0.9037288469106651,0.8663277511961722,0.960514233241506,0.0,0.0,0.005075916997157037,6.404910087585449,0.0005345409736037254,2.6235408782958984,0.005610457970760763,6.404910087585449,768,tensorflow
18,hybrid_lr,0.9172259507829977,0.8539911634756996,0.8941361668634396,0.8718433511812975,0.9648432375705103,1.188992415991379,25.682127952575684,0.045891082991147414,27.64685821533203,0.009415376029210165,11.736297607421875,1.2442988750117365,27.64685821533203,768,tensorflow
18,embedding_centroid,0.8881431767337807,0.8095296624057686,0.871654860291224,0.8341791310541311,0.871654860291224,0.0,0.0,0.00028966699028387666,2.5010147094726562,0.0022081240022089332,1.3465423583984375,0.00249779099249281,2.5010147094726562,768,tensorflow
18,tfidf_lr,0.8859060402684564,0.808433014354067,0.8382526564344746,0.821877563777005,0.9347697756788667,1.188992415991379,25.682127952575684,0.01017908300855197,0.9906959533691406,0.00029475000337697566,0.014664649963378906,1.199466249003308,25.682127952575684,768,tensorflow
18,late_fusion_lr,0.9194630872483222,0.8555907780979828,0.9046635182998819,0.876821800367422,0.9646136691591236,1.188992415991379,25.682127952575684,0.015255000005709007,6.404910087585449,0.0008385829860344529,2.6235408782958984,1.2050859989831224,25.682127952575684,768,tensorflow
18,embedding_knn,0.87248322147651,0.7880841121495327,0.8437131050767415,0.8102447997735955,0.9228978092614456,0.0,0.0,0.0006219169881660491,0.05194091796875,0.013722125004278496,6.149211883544922,0.014344041992444545,6.149211883544922,768,tensorflow
19,embedding_lr,0.9038031319910514,0.8302289226856022,0.9087465564738292,0.860016459226999,0.9549062049062049,0.0,0.0,0.005325208010617644,6.4056901931762695,0.0004645409935619682,2.623584747314453,0.005789749004179612,6.4056901931762695,768,tensorflow
19,hybrid_lr,0.912751677852349,0.8433754810335349,0.9096812278630461,0.8701674945819338,0.9557588875770694,1.1955930839758366,25.379910469055176,0.06402270801481791,27.58625030517578,0.009694875014247373,11.787361145019531,1.269310667004902,27.58625030517578,768,tensorflow
19,embedding_centroid,0.8702460850111857,0.7898094631661442,0.8880853994490359,0.820685553034914,0.8880853994490359,0.0,0.0,0.00029058297513984144,2.5010147094726562,0.0021848340111318976,1.3465423583984375,0.002475416986271739,2.5010147094726562,768,tensorflow
19,tfidf_lr,0.8478747203579419,0.7565591907697171,0.8194116489571035,0.7794322535701845,0.9104027285845467,1.1955930839758366,25.379910469055176,0.009861124999588355,0.9928379058837891,0.0003209579735994339,0.014664649963378906,1.2057751669490244,25.379910469055176,768,tensorflow
19,late_fusion_lr,0.9038031319910514,0.8310885101704233,0.895021645021645,0.8568513401800809,0.9508723599632691,1.1955930839758366,25.379910469055176,0.015186333010205999,6.4056901931762695,0.0007950399594847113,2.623584747314453,1.2115744569455273,25.379910469055176,768,tensorflow
19,embedding_knn,0.8791946308724832,0.7983617536448406,0.8798701298701299,0.8273192926229038,0.9283910533910534,0.0,0.0,0.000581667001824826,0.05207252502441406,0.013966915983473882,6.149303436279297,0.014548582985298708,6.149303436279297,768,tensorflow
20,embedding_lr,0.9284116331096197,0.8684726224783862,0.919323101141283,0.8905082669932639,0.9681227863046044,0.0,0.0,0.005077209003502503,6.405665397644043,0.0004705000319518149,2.623584747314453,0.005547709035454318,6.405665397644043,768,tensorflow
20,hybrid_lr,0.9440715883668904,0.8973027155093858,0.9289649744195199,0.9119447793300711,0.9711071756526302,1.1890139580063988,22.530571937561035,0.03861941598006524,27.585678100585938,0.009431333019165322,11.793243408203125,1.2370647070056293,27.585678100585938,768,tensorflow
20,embedding_centroid,0.901565995525727,0.8286611347835837,0.8844942935852027,0.8518172503164366,0.8844942935852027,0.0,0.0,0.0002832080062944442,2.5010147094726562,0.0024937080161180347,1.3463973999023438,0.002776916022412479,2.5010147094726562,768,tensorflow
20,tfidf_lr,0.901565995525727,0.8298270893371757,0.8753443526170799,0.8494488671157379,0.9453955135773316,1.1890139580063988,22.530571937561035,0.009483000001637265,0.9922103881835938,0.00029670799267478287,0.014664649963378906,1.1987936660007108,22.530571937561035,768,tensorflow
20,late_fusion_lr,0.9395973154362416,0.8869072164948453,0.9307851239669421,0.9064802832944605,0.9688442870261051,1.1890139580063988,22.530571937561035,0.014560209005139768,6.405665397644043,0.0007767080387566239,2.623584747314453,1.2043508750502951,22.530571937561035,768,tensorflow
20,embedding_knn,0.9060402684563759,0.8349265530387979,0.8918240850059032,0.8585528298475076,0.9461334120425029,0.0,0.0,0.0005645839846692979,0.052028656005859375,0.013125084020430222,6.1491241455078125,0.01368966800509952,6.1491241455078125,768,tensorflow
21,embedding_lr,0.9328859060402684,0.8714933879267416,0.9403778040141677,0.8997458133971292,0.9719926538108357,0.0,0.0,0.013873416988644749,6.405158996582031,0.0014359999913722277,2.623584747314453,0.015309416980016977,6.405158996582031,768,tensorflow
21,hybrid_lr,0.9328859060402684,0.8736572890025576,0.9312278630460449,0.8981683980317113,0.9744851108487471,1.2162066249875352,24.447799682617188,0.04660045797936618,27.495956420898438,0.009623208025004715,11.879669189453125,1.272430290991906,27.495956420898438,768,tensorflow
21,embedding_centroid,0.8993288590604027,0.8243071379365163,0.9014167650531286,0.853505596865464,0.9014167650531286,0.0,0.0,0.000317458005156368,2.5010147094726562,0.002331541007151827,1.3468055725097656,0.0026489990123081952,2.5010147094726562,768,tensorflow
21,tfidf_lr,0.8903803131991052,0.8131491307292843,0.8638823297914207,0.8343304918727167,0.9463137872228782,1.2162066249875352,24.447799682617188,0.011344083002768457,0.9924535751342773,0.0003362080024089664,0.014664649963378906,1.2278869159927126,24.447799682617188,768,tensorflow
21,late_fusion_lr,0.930648769574944,0.869919846466471,0.9298504525777254,0.8951886785317187,0.9714679260133806,1.2162066249875352,24.447799682617188,0.025217499991413206,6.405158996582031,0.0017817080079112202,2.623584747314453,1.2432058329868596,24.447799682617188,768,tensorflow
21,embedding_knn,0.8791946308724832,0.7975613006396589,0.8661452184179457,0.8235629495351149,0.9312114653023744,0.0,0.0,0.0005943329888395965,0.05198478698730469,0.013657999981660396,6.149343490600586,0.014252332970499992,6.149343490600586,768,tensorflow
22,embedding_lr,0.9284116331096197,0.8637307796061505,0.9421979535615899,0.8946686303387335,0.9686147186147186,0.0,0.0,0.006259292014874518,6.405017852783203,0.00047962498501874506,2.623584747314453,0.006738916999893263,6.405017852783203,768,tensorflow
22,hybrid_lr,0.9373601789709173,0.877676644718641,0.9477075954348682,0.9064294258373206,0.9724189951462678,1.1959568750171456,22.498955726623535,0.03664420801214874,27.57892608642578,0.00964658401790075,11.826339721679688,1.2422476670471951,27.57892608642578,768,tensorflow
22,embedding_centroid,0.8993288590604027,0.8243108218897315,0.9151416765053129,0.8566010565112316,0.9151416765053129,0.0,0.0,0.00028995799948461354,2.5010147094726562,0.007795792014803737,1.3464546203613281,0.008085750014288351,2.5010147094726562,768,tensorflow
22,tfidf_lr,0.9038031319910514,0.8310885101704233,0.895021645021645,0.8568513401800809,0.9427718745900564,1.1959568750171456,22.498955726623535,0.0254259999783244,0.9924001693725586,0.00031704199500381947,0.014664649963378906,1.2216999169904739,22.498955726623535,768,tensorflow
22,late_fusion_lr,0.9261744966442953,0.8618059373282023,0.9316706021251475,0.8901417261847132,0.9687459005640824,1.1959568750171456,22.498955726623535,0.031685291993198916,6.405017852783203,0.0008060839609242976,2.623584747314453,1.2284482509712689,22.498955726623535,768,tensorflow
22,embedding_knn,0.883668903803132,0.8035994617627271,0.8551751279024007,0.8248749321921525,0.9255706414797324,0.0,0.0,0.0005828329885844141,0.05194091796875,0.015912166971247643,6.14947509765625,0.016494999959832057,6.14947509765625,768,tensorflow
23,embedding_lr,0.8859060402684564,0.8071326091412174,0.8931523022432113,0.8374811973793959,0.9560868424504789,0.0,0.0,0.004847416013944894,6.406065940856934,0.00047604204155504704,2.6235408782958984,0.005323458055499941,6.406065940856934,768,tensorflow
23,hybrid_lr,0.9038031319910514,0.8304375804375804,0.9041715859897679,0.8589853637063938,0.9622195985832349,1.210082625009818,24.5657901763916,0.04357395801343955,27.55036163330078,0.010703083011321723,11.830253601074219,1.2643596660345793,27.55036163330078,768,tensorflow
23,embedding_centroid,0.843400447427293,0.759054834054834,0.8532565918929556,0.7863405440839069,0.8532565918929556,0.0,0.0,0.0002839159860741347,2.5010147094726562,0.002458709030179307,1.3466300964355469,0.0027426250162534416,2.5010147094726562,768,tensorflow
23,tfidf_lr,0.8702460850111857,0.7868476636958426,0.8652105470287288,0.8145281291134894,0.940738554374918,1.210082625009818,24.5657901763916,0.01005687500583008,0.9926967620849609,0.00028137399931438267,0.014664649963378906,1.2204208740149625,24.5657901763916,768,tensorflow
23,late_fusion_lr,0.8970917225950783,0.8213899335428365,0.9091892955529319,0.8529016196417329,0.9596287550833006,1.210082625009818,24.5657901763916,0.014904291019774973,6.406065940856934,0.0007665410230401903,2.6235408782958984,1.2257534570526332,24.5657901763916,768,tensorflow
23,embedding_knn,0.8568232662192393,0.7733885188087775,0.8660960251869343,0.8021357826592154,0.9225370589006953,0.0,0.0,0.0005492919881362468,0.052028656005859375,0.013230292010121047,6.149080276489258,0.013779583998257294,6.149080276489258,768,tensorflow
24,embedding_lr,0.912751677852349,0.8433754810335349,0.9096812278630461,0.8701674945819338,0.965597533779352,0.0,0.0,0.004868291987804696,6.405378341674805,0.0006845839670859277,2.623584747314453,0.005552875954890624,6.405378341674805,768,tensorflow
24,hybrid_lr,0.9261744966442953,0.8658568443051202,0.9133707201889021,0.8866293145189181,0.9674996720451265,1.2156749999849126,22.41683864593506,0.07433658299851231,27.56175994873047,0.0095493339758832,11.842979431152344,1.299560916959308,27.56175994873047,768,tensorflow
24,embedding_centroid,0.8926174496644296,0.8155016147515366,0.8972845336481701,0.8454178674351585,0.89728453364817,0.0,0.0,0.0002843329857569188,2.5010147094726562,0.00220004198490642,1.3468494415283203,0.002484374970663339,2.5010147094726562,768,tensorflow
24,tfidf_lr,0.8747203579418344,0.7918839892524103,0.8633903974813066,0.8183559735283873,0.9357536402990948,1.2156749999849126,22.41683864593506,0.009904250007821247,0.9917469024658203,0.000328666006680578,0.014664649963378906,1.2259079159994144,22.41683864593506,768,tensorflow
24,late_fusion_lr,0.9217002237136466,0.8564327485380117,0.9197658402203857,0.8825847123719464,0.9660894660894661,1.2156749999849126,22.41683864593506,0.014772541995625943,6.405378341674805,0.001022916956571862,2.623584747314453,1.2314704589371104,22.41683864593506,768,tensorflow
24,embedding_knn,0.87248322147651,0.788776429442001,0.8574380165289257,0.8144404226962545,0.9371638462547554,0.0,0.0,0.0005876250215806067,0.05198478698730469,0.012870207981904969,6.14947509765625,0.013457833003485575,6.14947509765625,768,tensorflow
25,embedding_lr,0.8926174496644296,0.8156328885683375,0.9018595041322314,0.8465060378870257,0.9509707464252919,0.0,0.0,0.005005333019653335,6.404662132263184,0.0004570419841911644,2.623584747314453,0.0054623750038445,6.404662132263184,768,tensorflow
25,hybrid_lr,0.9082774049217002,0.8372319956019791,0.9023514364423455,0.8635094173810074,0.9554309327036599,1.1845483340148348,25.560781478881836,0.04630962500232272,27.530242919921875,0.009453626000322402,11.839752197265625,1.24031158501748,27.530242919921875,768,tensorflow
25,embedding_centroid,0.8747203579418344,0.7940677119744333,0.8862652499016135,0.8245682888540031,0.8862652499016135,0.0,0.0,0.0002924170112237334,2.5010147094726562,0.0023437490162905306,1.3464412689208984,0.002636166027514264,2.5010147094726562,768,tensorflow
25,tfidf_lr,0.87248322147651,0.7884893822393823,0.8528630460448643,0.8130736216573127,0.9269316542043815,1.1845483340148348,25.560781478881836,0.009658833005232736,0.9926614761352539,0.0003283749974798411,0.014664649963378906,1.1945355420175474,25.560781478881836,768,tensorflow
25,late_fusion_lr,0.8993288590604027,0.8244449806949807,0.8968417945690673,0.852426543413668,0.9543158861340679,1.1845483340148348,25.560781478881836,0.014664166024886072,6.404662132263184,0.0007953749736770988,2.623584747314453,1.200007875013398,25.560781478881836,768,tensorflow
25,embedding_knn,0.8814317673378076,0.8008250392875851,0.876672569854388,0.8287046744513936,0.9251443001443002,0.0,0.0,0.0006000410066917539,0.052028656005859375,0.03568262400222011,6.149040222167969,0.03628266500891186,6.149040222167969,768,tensorflow
26,embedding_lr,0.9060402684563759,0.8330962541488858,0.9146989374262102,0.8637669801462905,0.9647448511084875,0.0,0.0,0.006181458011269569,6.405153274536133,0.0004484590026549995,2.623584747314453,0.006629917013924569,6.405153274536133,768,tensorflow
26,hybrid_lr,0.901565995525727,0.8272087877351035,0.9073691460055096,0.85727969348659,0.9707792207792209,1.1819311250001192,24.89138412475586,0.06491958399419673,27.66059112548828,0.009603750018868595,11.752914428710938,1.2564544590131845,27.66059112548828,768,tensorflow
26,embedding_centroid,0.8881431767337807,0.8101299694189603,0.8991046831955922,0.8412190963341859,0.8991046831955922,0.0,0.0,0.00029829100822098553,2.5010147094726562,0.002253457991173491,1.3465862274169922,0.0025517489993944764,2.5010147094726562,768,tensorflow
26,tfidf_lr,0.8501118568232662,0.7647145669291339,0.8528138528138528,0.7921839112363216,0.9437557392102847,1.1819311250001192,24.89138412475586,0.01038529200013727,0.9905853271484375,0.00032612596987746656,0.014664649963378906,1.192642542970134,24.89138412475586,768,tensorflow
26,late_fusion_lr,0.9038031319910514,0.8300310800310801,0.917896497441952,0.8620102948461157,0.9701889020070839,1.1819311250001192,24.89138412475586,0.01656675001140684,6.405153274536133,0.0007847929664421827,2.623584747314453,1.1992826679779682,24.89138412475586,768,tensorflow
26,embedding_knn,0.8814317673378076,0.8010878010878011,0.8812475403384494,0.8299196657405612,0.9356060606060606,0.0,0.0,0.0005972920043859631,0.05194091796875,0.012781541037838906,6.149211883544922,0.013378833042224869,6.149211883544922,768,tensorflow
27,embedding_lr,0.912751677852349,0.845490184856636,0.8959563164108619,0.8670910685015057,0.9559228650137741,0.0,0.0,0.006082875013817102,6.404579162597656,0.00048049999168142676,2.6235408782958984,0.0065633750054985285,6.404579162597656,768,tensorflow
27,hybrid_lr,0.9172259507829977,0.8539911634756996,0.8941361668634396,0.8718433511812975,0.9641873278236914,1.2260367090057116,25.04417896270752,0.0742644999991171,27.582176208496094,0.012663292000070214,11.789169311523438,1.312964501004899,27.582176208496094,768,tensorflow
27,embedding_centroid,0.8769574944071589,0.7952991452991454,0.873917748917749,0.8235015399194503,0.8739177489177489,0.0,0.0,0.0002899169921875,2.5010147094726562,0.002782125025987625,1.3464984893798828,0.003072042018175125,2.5010147094726562,768,tensorflow
27,tfidf_lr,0.8993288590604027,0.8269331243469175,0.869391971664699,0.8454036107076157,0.9483471074380165,1.2260367090057116,25.04417896270752,0.010308166994946077,0.991154670715332,0.0003220830112695694,0.014664649963378906,1.2366669590119272,25.04417896270752,768,tensorflow
27,late_fusion_lr,0.9194630872483222,0.857905982905983,0.8955135773317591,0.8747899159663866,0.9648432375705103,1.2260367090057116,25.04417896270752,0.01639104200876318,6.404579162597656,0.0008119990234263241,2.6235408782958984,1.243239750037901,25.04417896270752,768,tensorflow
27,embedding_knn,0.8970917225950783,0.8213213213213213,0.9000393545848091,0.8507924068268895,0.9341302636757183,0.0,0.0,0.0005855000053998083,0.05198478698730469,0.013945501006674021,6.149387359619141,0.01453100101207383,6.149387359619141,768,tensorflow
28,embedding_lr,0.9328859060402684,0.8749135446685878,0.9266528925619835,0.8973515003061849,0.960514233241506,0.0,0.0,0.005325750011252239,6.405611991882324,0.00042979203863069415,2.623584747314453,0.0057555420498829335,6.405611991882324,768,tensorflow
28,hybrid_lr,0.941834451901566,0.8971055088702147,0.9184376229830775,0.9072318007662835,0.9642201233110325,1.2093487920064945,22.385169982910156,0.03275545799988322,27.57837677001953,0.009887292020721361,11.811439514160156,1.251991542027099,27.57837677001953,768,tensorflow
28,embedding_centroid,0.8993288590604027,0.8253132832080201,0.8831168831168831,0.8490374873353597,0.8831168831168831,0.0,0.0,0.00029237501439638436,2.5010147094726562,0.0024783340049907565,1.3464546203613281,0.002770709019387141,2.5010147094726562,768,tensorflow
28,tfidf_lr,0.883668903803132,0.8040634005763689,0.8460251869342779,0.8220759338640539,0.9286370195461104,1.2093487920064945,22.385169982910156,0.009290500020142645,0.9927940368652344,0.0002873330086003989,0.014664649963378906,1.2189266250352375,22.385169982910156,768,tensorflow
28,late_fusion_lr,0.941834451901566,0.8949326393141457,0.9230125934671389,0.9080305140541909,0.9617604617604618,1.2093487920064945,22.385169982910156,0.014616250031394884,6.405611991882324,0.0007265420572366565,2.623584747314453,1.224691584095126,22.385169982910156,768,tensorflow
28,embedding_knn,0.8948545861297539,0.8210751104565537,0.8574872097599371,0.8372064190681348,0.9330480125934671,0.0,0.0,0.0005433750047814101,0.05194091796875,0.013164457981474698,6.149040222167969,0.013707832986256108,6.149040222167969,768,tensorflow
29,embedding_lr,0.9105145413870246,0.8400524418223534,0.9083038173947264,0.8673433048433048,0.9636953955135772,0.0,0.0,0.009644458012189716,6.40528678894043,0.0005067499878350645,2.623584747314453,0.01015120800002478,6.40528678894043,768,tensorflow
29,hybrid_lr,0.9261744966442953,0.8646769301207577,0.9179456906729634,0.887538596424351,0.9698281516463335,1.2187581659818534,24.935670852661133,0.05969854202703573,27.599136352539062,0.009807415975956246,11.793220520019531,1.2882641239848454,27.599136352539062,768,tensorflow
29,embedding_centroid,0.8747203579418344,0.7926047086703416,0.8725403384494294,0.8209237108681966,0.8725403384494294,0.0,0.0,0.0002902089909184724,2.5010147094726562,0.0025062510394491255,1.3465423583984375,0.002796460030367598,2.5010147094726562,768,tensorflow
29,tfidf_lr,0.9105145413870246,0.8419011082693948,0.8945789059425423,0.8642245307089484,0.956578774760593,1.2187581659818534,24.935670852661133,0.020112875004997477,0.9920015335083008,0.00139216601382941,0.014664649963378906,1.2402632070006803,24.935670852661133,768,tensorflow
29,late_fusion_lr,0.930648769574944,0.869919846466471,0.9298504525777254,0.8951886785317187,0.9702216974944248,1.2187581659818534,24.935670852661133,0.029757333017187193,6.40528678894043,0.001974623999558389,2.623584747314453,1.250490122998599,24.935670852661133,768,tensorflow
29,embedding_knn,0.8903803131991052,0.8124635684383446,0.8867571822117277,0.8404838721423942,0.9479863570772662,0.0,0.0,0.0009713750041555613,0.052028656005859375,0.015666374994907528,6.149391174316406,0.01663774999906309,6.149391174316406,768,tensorflow
